round,n,target_avg,target_p50,win_rate_p0,win_rate_p1,win_rate_p2,draw_rate
1,30,20.797037037037036,22.409999999999997,0.0,0.36666666666666664,0.5,0.13333333333333333
2,30,9.683259259259259,10.052222222222223,0.6,0.23333333333333334,0.13333333333333333,0.03333333333333333
3,30,4.183066666666666,4.377777777777777,0.0,0.4666666666666667,0.5,0.03333333333333333
4,30,1.545637037037037,1.5777777777777777,0.03333333333333333,0.36666666666666664,0.5,0.1
5,30,0.500642962962963,0.5177777777777778,0.0,0.4666666666666667,0.43333333333333335,0.1
